Songs,Artist,track_id
Ordinary,Alex Warren,6qqrTXSdwiJaq8SO0X2lSe
Die With A Smile,Lady Gaga & Bruno Mars,2QmXQ2s0B0CLRQcMLEHif9
Birds Of A Feather,Billie Eilish,6dOtVTDdiauQNBQEDOtlAB
Beautiful Things,Benson Boone,4CDXYCzPMXTAi6nuyixVnM
Shake It To The Max (Fly),"MOLIY, Silent Addy, Skillibeng & Shenseea",0QCIpQV3twfqo9kh0t8Zza
Love Me Not,Ravyn Lenae,5ITV0zqzjOYfFWpW0xBmRa
What I Want,Morgan Wallen Featuring Tate McRae,1YHQQFtKqFSFrqL4cNvstU
Espresso,Sabrina Carpenter,2qSkIjg1o9h3YT9RAgYN75
Triple Lavada,Esau Ortiz,5vut2UF4r9OsEmQkXFlRc8
Undressed,sombr,4AajxCEwGEsmHmT4H1TwjY
Pink Pony Club,Chappell Roan,1k2pQc5i348DCHwbn5KTdc
Wildflower,Billie Eilish,3QaPy1KgI7nu9FJEQUgn6h
Thatâ€™s So True,Gracie Abrams,7ne4VBA60CxGM75vw0EYad
Mystical Magical,Benson Boone,221eHga9f9Ne4f8D7WVgPT
Just In Case,Morgan Wallen,5ITV0zqzjOYfFWpW0xBmRa
No Tiene Sentido,Beele,7iOadzb2kNGSR0vuZk1DD9
Azizam,Ed Sheeran,0GRc3eGTg8HBdWLRGYgqIc
Nokia,Drake,2u9S9JJ6hTZS3Vf22HOZKg
Marlboro Rojo,Fuerza Regida,3hpm0fTeSqlhJbnqAgaLZs
No One Noticed,The Marias,5ITV0zqzjOYfFWpW0xBmRa
Gnarly,KATSEYE,42CJ1ZgN2p6ZginhEgiO6g
Anxiety,Doechii,1musbempyJAw5gfSKZHXP9
Sailor Song,Gigi Perez,2262bWmqomIaJXwCRHr13j
Si Antes Te Hubiera Conocido,Karol G,2znZml84v8icNKGB7EBPli
All The Stars,Kendrick Lamar & SZA,5M8tlPkSRizD3vMMnzEm3N
Party 4 U,Charli xcx,2qjDNbgLzfBpCvDwfw11Qg
Creep,Radiohead,1liz75ioTdahB0uDOkCyo9
Dreams,Fleetwood Mac,1prZ0pr6XoRCxcrC3MCL0M
Blue Strips,Jessie Murph,7kAFSrTIOiVZ0gnHBuAH3l
Taste,Sabrina Carpenter,5G2f63n7IPVPPjfNIGih7Q
Fame Is A Gun,Addison Rae,1RExBkVXsSZ3AKFC4c40Tp
Mutt,Leon Thomas,2uvE4L5ZsYKpv8hbK4TIOt
EOO,Bad Bunny,6J5kc12BW5HuP3d7C3vvx8
Yellow,Coldplay,2QG03lDmMcA5rwSSbFTzR5
Perfect,Ed Sheeran,7egdydsliuzDFWORdBiKMr
Gata Only,FloyyMenor X Cris Mj,6XjDF6nds4DE2BBbagZol6
Please Please Please,Sabrina Carpenter,3xVQWlZlCbqSRmr9Je2eGt
I Got Better,Morgan Wallen,5ITV0zqzjOYfFWpW0xBmRa
Sweater Weather,The Neighbourhood,4ezafcOuI5em8LoE2xxnpv
Viva La Vida,Coldplay,59D4DOkspUbWyMmbAPQkxZ
Nuevayol,Bad Bunny,5TFD2bmFKGhoCRbX61nXY5
Snooze,SZA,5YABYtKx9qa56vBjlXDbmw
Cruel Summer,Taylor Swift,0cnSfy9wFUW19ciLFP0j18
Capaz,Alleh & Yorghaki,6DmQ5PdNr7lxOkjWAxQiyI
Luna Bala,Yb Wasg'ood & Ariis,6aeNEAC0JxWmqPK2gCeVFH
Who,Jimin,7tI8dRuH2Yc6RuoTjxo4dU
As It Was,Harry Styles,7ccC26pJ3aDG81sS4FwdXF
Me Jalo,Fuerza Regida & Grupo Frontera,3D24ErT1MMmUfXWotSj2A2
Blinding Lights,The Weeknd,4sFBE5VDo5Dz41Uha1gf4D
Take On Me,a-ha,4ua8nCS413P1wIjaNREUHx
Move,Adam Port & Stryv Featuring Malachiii,1BJJbSX6muJVF2AK7uH1x4
Te Queria Ver,Aleman X Neton Vega,6YBT1p3qH6O2UcjNSOveLG
Sorry I'm Here For Someone Else,Benson Boone,3x3K1RP3Zfi2qeMR8kyrNO
Chihiro,Billie Eilish,7BRD7x5pt8Lqa1eGYC4dzj
See You Again,"Tyler, The Creator Featuring Kali Uchis",09gysnJpfQ3ublBmJDfcEC
Blue,yung kai,3be9ACTxtcL6Zm4vJRUiPG
Voy A Llevarte Pa PR,Bad Bunny,6J5kc12BW5HuP3d7C3vvx8
I Adore You,HUGEL X Topic X Arash Featuring Daecolm,06EZHzBTFZapCqFaZ5fu5D
Numb,Linkin Park,373gDROnujxNTFa1FojYIl
Montagem Tomada,MXZI,2HJQm4T3Pk2zvxoFhlnGjR
Por Esos Ojos,Fuerza Regida,5jHozZMWbrExAFni95mvvH
Love Somebody,Morgan Wallen,0a8WvSSBRlXbvWrW8Rdqpw
Flowers,Miley Cyrus,7DSAEUvxU8FajXtRloy8M0
Seven,Jung Kook Featuring Latto,4AFt1IzNjKiGCNRxRNBIFR
Poker Face,Lady Gaga,48t4JWffehJYwzwnN35ds7
Believer,Imagine Dragons,2FY7b99s15jUprqC0M5NCT
Mr. Brightside,The Killers,1NY25wfSIGtgOZCTxajUJe
Something Just Like This,The Chainsmokers & Coldplay,2PnlsTsOTLE5jnBnNe2K0A
We Can't Be Friends (Wait For Your Love),Ariana Grande,51ZQ1vr10ffzbwIjDCwqm4
Superman,Morgan Wallen,59uQI0PADDKeE6UZDTJEe8
Blessings,Calvin Harris Featuring Clementine Douglas.,78nx0HDJIFD5xDq2L5420Z
We Are The People,Empire Of The Sun,3zEN0ii6s4DHHBpnTp3RP7
Sparks,Coldplay,7D0RhFcb3CrfPuTJ0obrod
Ansiedad,Fuerza Regida,
Vita Fer,Dareyes de La Sierra X Tito Double P,5HZBdV5AwSvKdHFOYbXYD7
Just The Way You Are,Bruno Mars,2bPcbZo94cmpbY21HIcROu
Loco,Neton Vega,4EcMNaFerOsof9Q2Sk8kHg
Busy Woman,Sabrina Carpenter,2apuz4ApdiEYVEPQIkJtq7
A Sky Full Of Stars,Coldplay,0FDzzruyVECATHXKHFs9eJ
Take Me To Church,Hozier,6qqrTXSdwiJaq8SO0X2lSe
Somewhere Only We Know,Keane,1SKPmfSYaPsETbRHaiA18G
Nope Your Too Late I Already Died,wifiskeleton & i wanna be a jack-o-lantern,0hta2Lb2zKJ7kEnAEZEE3G
Amigos? No.,Oscar Maydon X Neton Vega,5MvJALOBH7jd3O9Ym2CgTj
Wheels On The Bus,CoComelon,7e89621JPkKaeDSTQ3avtg
Danza Kuduro,Don Omar & Lucenzo,4t9u8OqEerdxhss25kmInv
Can't Hold Us,Macklemore & Ryan Lewis Featuring Ray Dalton,5QfBuE8VSeZHRnQta8BsqO
Breakfast,Mrs. GREEN APPLE,7K13PjudDL0Uy2WEwm4jpF
Money Trees,Kendrick Lamar Featuring Jay Rock,5OVOCZqB0n38JoGdja4qXX
Nice To Meet You,Myles Smith,2RswadHZmcOVQoXlqseblW
Without Me,Eminem,7lQ8MOhq6IN2w8EYcFNSUk
The Emptiness Machine,Linkin Park,4G0ODtkvV2bLMyKH4jdrqW
Enter Sandman,Metallica,2O7UGwJPVlix15Wn4sa5vw
Burning Blue,Mariah The Scientist,7DDQX2XqTkT2vLtdhLUzsn
Gangsta's Paradise,Coolio Featuring L.V.,171N8h2X1QAYd5oskz7BNL
Lovely,Billie Eilish & Khalid,0WFryfbNKPXVtVQlz5dZ8H
Until I Found You,Stephen Sanchez,2RkZ5LkEzeHGRsmDqKwmaJ
Worst Way,Riley Green,7GX5flRQZVHRAGd6B4TmDO
The Chain,Fleetwood Mac,1IMa0Il4w988MwZCUcISix
Cliche,mgk,3aD33slymVwdEcdbKUBnDu
I Remember Everything,Zach Bryan Featuring Kacey Musgraves,4tkiLZ2Q7SuaeSiSi56rnJ
